filename,rows,missing_or_invalid,min,max,mean,std,damage,file_number
train01.csv,581119,0,-19.34373,39.39125,5.93508735525458,8.63142384580031,0.103662995,1
train02.csv,581119,0,-37.650806,25.297182,-7.732041671033933,10.753985486178093,0.149208849,2
train03.csv,581119,0,-28.079456,29.944937,1.92678905927689,9.019787526703245,0.111297606,3
train04.csv,581119,0,-54.09785,38.48947,-2.477909930493852,6.969856639826562,0.894736481,4
train05.csv,581119,0,-19.364319,29.429405,3.0746032680515656,8.830389194078561,0.054740135,5
train06.csv,581119,0,-44.113018,40.77429,-6.897793046164271,10.940576474281867,0.467359393,6
train07.csv,581119,0,-24.620083,21.027306,-0.013323827368157373,7.273806592072633,0.028737481,7
train08.csv,581119,0,-25.758049,28.776934,1.3630183773715387,8.907257512126883,0.078418334,8
train09.csv,581119,0,-15.130052,31.197628,3.9683686389642827,2.884122602964096,0.033628754,9
train10.csv,581119,0,-51.528698,36.99815,-3.1447184086756623,15.500449161328001,0.716510036,10
train11.csv,581119,0,-13.06952,32.471573,7.935486382775874,4.631801681909349,0.056409053,11
train12.csv,581119,0,-36.812668,21.858004,-1.5447677429378621,4.242999490923526,0.054978382,12
train13.csv,581119,0,-21.768717,19.656631,0.02031937670106163,2.918791121417736,0.028620288,13
train14.csv,581119,0,-20.387941,18.265228,-2.9095897697817525,2.9012326869788456,0.035544524,14
train15.csv,581119,0,-31.82583,23.473158,-4.0973173985500875,4.9746558304602155,0.051323979,15
train16.csv,581119,0,-55.69706,28.331377,-6.395624914286453,9.942531782239467,0.61202604,16
train17.csv,581119,0,-49.495808,28.950016,-6.190607938086461,10.358199838335153,0.423558906,17
train18.csv,581119,0,-34.129246,37.60297,4.06195745935935,10.873324355161223,0.375658256,18
train19.csv,581119,0,-18.483664,19.99518,-0.015162702934760044,3.1031902586241085,0.033974091,19
train20.csv,581119,0,-39.69805,23.130886,-8.254097429855547,9.115644403701788,0.115031186,20
train21.csv,581119,0,-33.045036,24.541424,-0.14194085386053049,3.9244894937448076,0.056276601,21
train22.csv,581119,0,-31.297544,19.932467,-4.087057645149712,6.811866787814696,0.080670606,22
train23.csv,581119,0,-49.762604,43.288166,4.420357243242817,11.76627138596379,0.789624017,23
train24.csv,581119,0,-29.688766,21.315899,-4.560238668517816,4.285554467912304,0.060708901,24
train25.csv,581119,0,-26.64341,23.978592,-0.6673773338044818,8.565888118181938,0.057598512,25
train26.csv,581119,0,-19.981361,18.880144,-1.4719452128687764,2.432371173601017,0.028622651,26
train27.csv,581119,0,-46.995743,44.42659,2.618633548120164,10.947339217345593,0.672913029,27
train28.csv,581119,0,-33.05301,29.02336,0.13183590947780244,10.87052266942779,0.159309086,28
train29.csv,581119,0,-23.306274,28.531746,2.539486827108277,8.541677872379053,0.045191049,29
train30.csv,581119,0,-35.58496,22.073782,-10.087536212195541,8.38635500397296,0.09275185,30
train31.csv,581119,0,-61.633114,33.649857,-13.866898214098155,15.550467929353493,0.928338975,31
train32.csv,581119,0,-32.342957,21.803793,-2.674474887430377,2.733619483027811,0.05965584,32
train33.csv,581119,0,-23.370583,14.461987,-4.936302924882502,3.1019716859411854,0.028831268,33
train34.csv,581119,0,-47.729713,43.152645,2.2589814078605137,11.35249969736423,0.700103573,34
train35.csv,581119,0,-15.746033,21.788912,1.4326400949620468,3.117684226381415,0.028827561,35
train36.csv,581119,0,-23.678839,53.121532,5.908185654717046,11.082267137937412,0.332861874,36
train37.csv,581119,0,-28.730515,60.196007,5.437929560621642,6.692634261926619,0.50786784,37
train38.csv,581119,0,-25.226496,23.02725,-1.3836948725768592,8.400284104014126,0.035914277,38
train39.csv,581119,0,-53.697124,28.435017,-7.735797783841936,10.905993327985696,0.542141961,39
train40.csv,581119,0,-28.751242,43.214825,1.9493635829148224,10.432395460172291,0.178849028,40
train41.csv,581119,0,-27.185514,38.105217,1.8244159543627725,5.7429650675495,0.132170551,41
train42.csv,581119,0,-34.961536,26.272972,0.9361231515632924,6.0059370172461435,0.132121434,42
train43.csv,581119,0,-46.210224,33.800262,-1.325589248971673,6.727537434770893,0.435326638,43
train44.csv,581119,0,-31.43732,31.319334,-0.34079204036984817,8.149866110040808,0.141935868,44
train45.csv,581119,0,-37.124115,31.521294,-2.8053464968558703,6.574876107495647,0.187610341,45
train46.csv,581119,0,-31.052532,28.281418,-1.572613883303919,6.4629335883982035,0.094676808,46
train47.csv,581119,0,-28.117193,25.323755,-1.2544793290872536,7.767749958184581,0.072398903,47
train48.csv,581119,0,-35.327194,28.930351,-2.3247176838368944,10.62682339137401,0.132467063,48
train49.csv,581119,0,-34.365223,39.790527,4.221795385689018,10.903766658217876,0.476568618,49
train50.csv,581119,0,-21.366919,30.309528,3.570699407591124,4.334709975223877,0.040152677,50
train51.csv,581119,0,-25.380417,34.79791,2.253990550036209,8.875077836510702,0.131487919,51
train52.csv,581119,0,-58.13654,26.325588,-7.762403011650547,9.74190016540072,0.616000631,52
train53.csv,581119,0,-24.10774,24.902828,2.4206190445935927,4.101127978121319,0.043912869,53
train54.csv,581119,0,-53.751335,36.620808,-4.151600723380873,16.033114403274006,0.832608215,54
train55.csv,581119,0,-32.746876,24.189056,-3.122202644249523,3.4789349281475452,0.055313708,55
train56.csv,581119,0,-30.800001,24.411146,-0.049221871325460374,5.317910879797727,0.0400505,56
train57.csv,581119,0,-54.74838,32.719772,-4.180766790219919,9.927065379926848,0.728839308,57
train58.csv,581119,0,-23.079866,20.692476,-2.871828127709655,3.1134803081098945,0.031759612,58
train59.csv,581119,0,-36.680332,25.17069,-4.160119647449443,8.937526392647992,0.09153768,59
train60.csv,581119,0,-26.675299,22.888002,-0.5679779630367452,2.9962496892630828,0.038279074,60
train61.csv,581119,0,-31.943287,33.445236,-0.20088068520682756,8.723122651123854,0.103184684,61
train62.csv,581119,0,-30.442932,22.15616,-2.077746189793625,3.4573338661192077,0.046122257,62
train63.csv,581119,0,-14.962105,22.458038,2.4753429571719723,2.9379955419192774,0.03208265,63
train64.csv,581119,0,-27.402357,51.983112,4.59036616906494,6.662996894040597,0.280285955,64
